{
  "source_file": "[회계팀] 경영손익모듈(손익보고) 관련 시스템 수정 요청.pdf",
  "processed_at": "2025-10-20T15:04:18.251231",
  "model_info": {
    "name": "soddokayo/klue-roberta-large-klue-ner",
    "f1_score": 0.836,
    "precision": 0.829,
    "recall": 0.844,
    "accuracy": 0.966
  },
  "detection_methods": [
    "klue_ner_model"
  ],
  "reports": [
    {
      "page": 1,
      "findings": [
        {
          "type": "DATE",
          "count": 2,
          "examples": [
            "2025 - 07 - 04",
            "2025 - 07 - 04"
          ],
          "avg_confidence": 0.95,
          "method": "hybrid"
        },
        {
          "type": "TIME",
          "count": 2,
          "examples": [
            "10 : 47",
            "11 : 19"
          ],
          "avg_confidence": 0.979,
          "method": "hybrid"
        },
        {
          "type": "PERSON",
          "count": 8,
          "examples": [
            "권현수",
            "박기원",
            "이용준",
            "원효연",
            "AST"
          ],
          "avg_confidence": 0.979,
          "method": "hybrid"
        }
      ],
      "methods": [
        "klue_ner_model"
      ]
    }
  ]
}