{
  "source_file": "[회계팀] 경영손익모듈(손익보고) 관련 시스템 수정 요청.pdf",
  "file_type": ".pdf",
  "processed_at": "2025-10-20T15:04:18.247078",
  "total_pages": 1,
  "total_chunks": 1,
  "total_characters": 337,
  "average_chunk_size": 337.0,
  "chunks": [
    {
      "chunk_id": 0,
      "page_num": 1,
      "text": "시스템 개발/변경 요청서\n문서번호 2025-회계팀-00815 기안 승인\n.기안일자 | 00 | @) |\nva 제티 개\n46 thle\n.기안자 팀원 이 08000\n일상감사 감사( )\n. 참조 팀장, 팀원, 팀원, 팀원, 팀원, 팀원\n제목 [회계팀] 경영손익모듈(손익보고) 관련 시스템 수정 요청\n@ ERP ㅁ그룹웨어 ㅁ 01465 ㅁ기타( )\n[ 원인 / 문제점 ]\n조직개편에 따른 부문별손익 자료 생성 필요\n[ 요청사항 ]\n1. 경영손익 - 손익보고 하위 메뉴로\n보고_부문별손익조회(5)\n(보고)_부문별손익조회(9) 추가요청\n2. 경영손익 - 경영손익분석 - 경영손익조회 내에 부문별손익 조회 추가 요청",
      "char_count": 337,
      "split_method": "langchain"
    }
  ],
  "processing_info": {
    "chunk_size": 500,
    "chunk_overlap": 50,
    "split_method": "langchain",
    "methods_used": [
      "pdf_ocr"
    ],
    "privacy_filtering": {
      "enabled": true,
      "model": "soddokayo/klue-roberta-large-klue-ner",
      "model_performance": {
        "f1": 0.836,
        "precision": 0.829,
        "recall": 0.844,
        "accuracy": 0.966
      },
      "detection_methods": [
        "klue_ner_model"
      ],
      "total_findings": 12,
      "pages_affected": 1
    }
  },
  "privacy_report": [
    {
      "page": 1,
      "findings": [
        {
          "type": "DATE",
          "count": 2,
          "examples": [
            "2025 - 07 - 04",
            "2025 - 07 - 04"
          ],
          "avg_confidence": 0.95,
          "method": "hybrid"
        },
        {
          "type": "TIME",
          "count": 2,
          "examples": [
            "10 : 47",
            "11 : 19"
          ],
          "avg_confidence": 0.979,
          "method": "hybrid"
        },
        {
          "type": "PERSON",
          "count": 8,
          "examples": [
            "권현수",
            "박기원",
            "이용준",
            "원효연",
            "AST"
          ],
          "avg_confidence": 0.979,
          "method": "hybrid"
        }
      ],
      "methods": [
        "klue_ner_model"
      ]
    }
  ]
}