{
  "source_file": "시스템 개발 프로젝트 회의록.docx",
  "processed_at": "2025-10-20T15:04:32.362639",
  "model_info": {
    "name": "soddokayo/klue-roberta-large-klue-ner",
    "f1_score": 0.836,
    "precision": 0.829,
    "recall": 0.844,
    "accuracy": 0.966
  },
  "detection_methods": [
    "gliner",
    "klue_ner_model",
    "presidio"
  ],
  "reports": [
    {
      "page": 1,
      "findings": [
        {
          "type": "DATE",
          "count": 2,
          "examples": [
            "2025년 1월 15일",
            "이번 주 금요일"
          ],
          "avg_confidence": 0.965,
          "method": "hybrid"
        },
        {
          "type": "PERSON",
          "count": 30,
          "examples": [
            "김철수",
            "이영희",
            "박민수",
            "최지은",
            "정우진"
          ],
          "avg_confidence": 0.997,
          "method": "hybrid"
        },
        {
          "type": "QUANTITY",
          "count": 3,
          "examples": [
            "90 %",
            "65 %",
            "75 %"
          ],
          "avg_confidence": 0.918,
          "method": "hybrid"
        },
        {
          "type": "TIME",
          "count": 2,
          "examples": [
            "0",
            "초"
          ],
          "avg_confidence": 0.918,
          "method": "hybrid"
        },
        {
          "type": "계좌번호",
          "count": 6,
          "examples": [
            "010-1234-5678",
            "010-2345-6789",
            "010-3456-7890",
            "010-4567-8901",
            "010-5678-9012"
          ],
          "avg_confidence": 0.863,
          "method": "hybrid"
        },
        {
          "type": "EMAIL_ADDRESS",
          "count": 8,
          "examples": [
            "kimcs@company.com",
            "leeyh@company.com",
            "parkms@company.com",
            "choije@company.com",
            "jeongwj@company.com"
          ],
          "avg_confidence": 1.0,
          "method": "hybrid"
        }
      ],
      "methods": [
        "presidio",
        "klue_ner_model",
        "gliner"
      ]
    }
  ]
}