{
  "source_file": "시스템 개발 프로젝트 회의록.docx",
  "file_type": ".docx",
  "processed_at": "2025-10-20T15:04:32.357629",
  "total_pages": 1,
  "total_chunks": 6,
  "total_characters": 2507,
  "average_chunk_size": 417.83,
  "chunks": [
    {
      "chunk_id": 0,
      "page_num": 1,
      "text": "시스템 개발 프로젝트 회의록\n문서번호: 2025-개발팀-00123\n작성일:\n작성자: 대리\n1. 참석자 명단\n- 팀장 (개발팀)\n- 과장 (기획팀)\n- 사원 (디자인팀)\n- 대리 (QA팀)\n- 부장 (경영지원팀)\n- 차장 (마케팅팀)\n- 사원 (개발팀)\n- 과장 (운영팀)\n2. 프로젝트 진행 현황\n팀장이 전체 프로젝트 진행 상황을 보고했다. 과장은 요구사항\n분석이 완료되었다고 말했다. 사원이 UI/UX 디자인 초안을\n발표했으며, 대리가 테스트 계획서를 검토했다.\n부장은 예산 집행 현황을 공유했다. 현재까지 총 예산의 가\n사용되었으며, 차장이 향후 마케팅 계획을 설명했다. 사원은\n백엔드 개발 진행률이 라고 보고했다.\n3. 주요 논의 사항\n대리: \"데이터베이스 스키마 설계가 완료되었습니다.\"\n팀장: \"좋습니다. 과장님, 기획팀 검토는 언제까지 가능한가요?\"\n과장: \"까지 완료하겠습니다.\"\n사원이 사용자 인터페이ス 개선안을 제시했다. 대리는",
      "char_count": 472,
      "split_method": "langchain"
    },
    {
      "chunk_id": 1,
      "page_num": 1,
      "text": "과장: \"까지 완료하겠습니다.\"\n사원이 사용자 인터페이ス 개선안을 제시했다. 대리는\n성능 테스트 결과를 공유하며, 응답 시간이 평균 .5로 목표치를 달성했다고\n보고했다.\n4. 개인 연락처 정보\n- : ,\n- : ,\n- : ,\n- : ,\n- : ,\n- : ,\n- : 010-7890-1234,\n- : 010-8901-2345,\n5. 일정 및 마일스톤\n오동민 과장이 배포 일정을 조율했다. 1차 베타 테스트는 김철수 대리가\n담당하고, 2차 베타 테스트는 한지민 사원이 진행한다.\n이영희 팀장: \"모두 수고 많으셨습니다. 다음 회의는 박민수 과장님이\n주재해 주시기 바랍니다.\"\n최지은 사원과 정우진 대리는 사용자 피드백 수집을 위해 강민지 부장과\n협의하기로 했다. 윤서준 차장은 출시 후 마케팅 캠페인 계획을\n한지민 사원, 오동민 과장과 함께 논의할 예정이다.\n6. 기술 스택 및 아키텍처\n김철수 대리가 제안한 마이크로서비스 아키텍처를 채택하기로 결정했다.",
      "char_count": 476,
      "split_method": "langchain"
    },
    {
      "chunk_id": 2,
      "page_num": 1,
      "text": "김철수 대리가 제안한 마이크로서비스 아키텍처를 채택하기로 결정했다.\n이영희 팀장은 \"박민수 과장님과 최지은 사원이 함께 프로토타입을\n만들어주세요\"라고 지시했다.\n정우진 대리: \"보안 테스트는 언제 시작하나요?\"\n강민지 부장: \"다음 주 월요일부터 윤서준 차장님과 함께 진행합니다.\"\n한지민 사원이 API 문서화 작업을 완료했고, 오동민 과장이 인프라\n구축을 마무리했다.\n7. 예산 및 리소스\n강민지 부장: \"현재 남은 예산은 3,500만원입니다.\"\n김철수 대리: \"추가 인력이 필요합니다.\"\n이영희 팀장: \"박민수 과장, 최지은 사원과 논의 후 결정하겠습니다.\"\n윤서준 차장이 마케팅 예산으로 1,200만원을 요청했고, 정우진 대리는\n테스트 장비 구입비로 800만원이 필요하다고 했다.\n8. 고객사 미팅\n지난주 고객사 미팅에 김철수 대리, 이영희 팀장, 박민수 과장이 참석했다.\n고객사 담당자인 송혜교 이사와 전지현 부장이 요구사항을 전달했다.\n송혜교 이사: \"일정을 앞당길 수 있나요?\"",
      "char_count": 497,
      "split_method": "langchain"
    },
    {
      "chunk_id": 3,
      "page_num": 1,
      "text": "송혜교 이사: \"일정을 앞당길 수 있나요?\"\n이영희 팀장: \"최지은 사원과 한지민 사원이 추가 투입되면 가능합니다.\"\n전지현 부장: \"그럼 정우진 대리님께서 일정표를 다시 작성해 주세요.\"\n9. 보안 및 개인정보 처리\n강민지 부장이 개인정보보호법 준수 사항을 설명했다. 김철수 대리는\n데이터 암호화 방식을 제안했고, 박민수 과장이 승인했다.\n이영희 팀장: \"최지은 사원, 개인정보 처리방침 UI 디자인 부탁드립니다.\"\n정우진 대리: \"보안 감사는 외부 업체에 의뢰하는 게 좋겠습니다.\"\n10. 다음 회의 및 액션 아이템\n다음 회의 일시: 2025년 1월 22일 오후 2시\n회의 주재: 박민수 과장\n회의록 작성: 한지민 사원\n액션 아이템:\n- 김철수: DB 최적화 완료 (1/18까지)\n- 이영희: 전체 일정 검토 (1/19까지)\n- 박민수: 기획서 최종안 작성 (1/20까지)\n- 최지은: UI 수정본 제출 (1/19까지)\n- 정우진: 테스트 시나리오 작성 (1/21까지)",
      "char_count": 488,
      "split_method": "langchain"
    },
    {
      "chunk_id": 4,
      "page_num": 1,
      "text": "- 정우진: 테스트 시나리오 작성 (1/21까지)\n- 강민지: 예산 재배분 계획 (1/20까지)\n- 윤서준: 마케팅 자료 준비 (1/22까지)\n- 한지민: API 문서 업데이트 (1/18까지)\n- 오동민: 서버 증설 완료 (1/21까지)\n11. 기타 사항\n김철수 대리가 제안한 코드 리뷰 프로세스를 도입하기로 했다.\n이영희 팀장은 매주 금요일 오전에 박민수 과장, 최지은 사원과 함께\n진행 상황을 점검하기로 했다.\n정우진 대리와 강민지 부장은 외부 컨설팅 업체 선정 작업을 진행한다.\n윤서준 차장, 한지민 사원, 오동민 과장은 인프라 구축 일정을 조율했다.\n송혜교 이사와 전지현 부장에게는 김철수 대리가 주간 리포트를\n이메일로 발송하기로 했다.\n12. 회의 종료\n이영희 팀장: \"모두 고생 많으셨습니다. 김철수 대리님, 박민수 과장님,\n최지은 사원님, 정우진 대리님, 강민지 부장님, 윤서준 차장님,\n한지민 사원님, 오동민 과장님, 그리고 고객사의 송혜교 이사님과",
      "char_count": 483,
      "split_method": "langchain"
    },
    {
      "chunk_id": 5,
      "page_num": 1,
      "text": "한지민 사원님, 오동민 과장님, 그리고 고객사의 송혜교 이사님과\n전지현 부장님께 감사드립니다.\"\n작성: 김철수 대리\n검토: 이영희 팀장\n승인: 강민지 부장\n문서 끝",
      "char_count": 91,
      "split_method": "langchain"
    }
  ],
  "processing_info": {
    "chunk_size": 500,
    "chunk_overlap": 50,
    "split_method": "langchain",
    "methods_used": [
      "docx"
    ],
    "privacy_filtering": {
      "enabled": true,
      "model": "soddokayo/klue-roberta-large-klue-ner",
      "model_performance": {
        "f1": 0.836,
        "precision": 0.829,
        "recall": 0.844,
        "accuracy": 0.966
      },
      "detection_methods": [
        "gliner",
        "klue_ner_model",
        "presidio"
      ],
      "total_findings": 51,
      "pages_affected": 1
    }
  },
  "privacy_report": [
    {
      "page": 1,
      "findings": [
        {
          "type": "DATE",
          "count": 2,
          "examples": [
            "2025년 1월 15일",
            "이번 주 금요일"
          ],
          "avg_confidence": 0.965,
          "method": "hybrid"
        },
        {
          "type": "PERSON",
          "count": 30,
          "examples": [
            "김철수",
            "이영희",
            "박민수",
            "최지은",
            "정우진"
          ],
          "avg_confidence": 0.997,
          "method": "hybrid"
        },
        {
          "type": "QUANTITY",
          "count": 3,
          "examples": [
            "90 %",
            "65 %",
            "75 %"
          ],
          "avg_confidence": 0.918,
          "method": "hybrid"
        },
        {
          "type": "TIME",
          "count": 2,
          "examples": [
            "0",
            "초"
          ],
          "avg_confidence": 0.918,
          "method": "hybrid"
        },
        {
          "type": "계좌번호",
          "count": 6,
          "examples": [
            "010-1234-5678",
            "010-2345-6789",
            "010-3456-7890",
            "010-4567-8901",
            "010-5678-9012"
          ],
          "avg_confidence": 0.863,
          "method": "hybrid"
        },
        {
          "type": "EMAIL_ADDRESS",
          "count": 8,
          "examples": [
            "kimcs@company.com",
            "leeyh@company.com",
            "parkms@company.com",
            "choije@company.com",
            "jeongwj@company.com"
          ],
          "avg_confidence": 1.0,
          "method": "hybrid"
        }
      ],
      "methods": [
        "presidio",
        "klue_ner_model",
        "gliner"
      ]
    }
  ]
}