{
  "source_file": "이야기.pdf",
  "file_type": ".pdf",
  "processed_at": "2025-10-20T15:04:24.503085",
  "total_pages": 1,
  "total_chunks": 3,
  "total_characters": 1003,
  "average_chunk_size": 334.33,
  "chunks": [
    {
      "chunk_id": 0,
      "page_num": 1,
      "text": "는 아침마다 우유를 마신다 . 항상 우유를 마신 그는 배가 살살 아파오기 시작하여 화장\n실로 달려간다 . 화장실에 가 앉아있다 . 마음이 아프다 . 항상 은 이렇게 아침을 보낸\n다. 실제로 와 는 매일매일을 그렇게 힘들게 산다. 은 항상 긴장해있다 . 위가.\n어째서인지 은 늘 그렇게 눈으로 서로를 경계하며 누구 하나가 빨리 마무리 되기를 원한다 .\n은 항상 그들을 보며 울고 있다. 왜일까 . 그녀는 그 누구보다 자신이 먼저 선택받기를\n원해서였다 . 이런.\n이다 .\n항상 아침을 맞이하는 그들이다 . 왜일까 오늘은 어째서인지 영역다툼을 더 이상 하지 않는다 .\n은 기뻐한다 . 늘 다퉜던 그들에게 어떤일이 벌어졌기에 이렇게 화목해졌을지 .\n이유는 간단했다 . 중이 우유나 음식을 원래 템포에서 한단계 늦춰 다음 타임에 먹는\n것이다 . 그렇다 . 서로 교착상태에 빠지지만 않게한다면 수월하게 진행이 가능하다 .",
      "char_count": 453,
      "split_method": "langchain"
    },
    {
      "chunk_id": 1,
      "page_num": 1,
      "text": "것이다 . 그렇다 . 서로 교착상태에 빠지지만 않게한다면 수월하게 진행이 가능하다 .\n는 아침마다 우유를 마신다 . 항상 우유를 마신 그는 배가 살살 아파오기 시작하여 화장\n실로 달려간다 . 화장실에 가 앉아있다 . 마음이 아프다 . 항상 은 이렇게 아침을 보낸\n다. 실제로 와 는 매일매일을 그렇게 힘들게 산다. 은 항상 긴장해있다 . 위가.\n어째서인지 은 늘 그렇게 눈으로 서로를 경계하며 누구 하나가 빨리 마무리 되기를 원한다 .\n은 항상 그들을 보며 울고 있다. 왜일까 . 그녀는 그 누구보다 자신이 먼저 선택받기를\n원해서였다 . 이런.\n다음날이다 .\n항상 아침을 맞이하는 그들이다 . 왜일까 오늘은 어째서인지 영역다툼을 더 이상 하지 않는다 .\n은 기뻐한다 . 늘 다퉜던 그들에게 어떤일이 벌어졌기에 이렇게 화목해졌을지 .\n이유는 간단했다 . 중이 우유나 음식을 원래 템포에서 한단계 늦춰 다음 타임에 먹는",
      "char_count": 456,
      "split_method": "langchain"
    },
    {
      "chunk_id": 2,
      "page_num": 1,
      "text": "이유는 간단했다 . 중이 우유나 음식을 원래 템포에서 한단계 늦춰 다음 타임에 먹는\n것이다 . 그렇다 . 서로 교착상태에 빠지지만 않게한다면 수월하게 진행이 가능하다 .",
      "char_count": 94,
      "split_method": "langchain"
    }
  ],
  "processing_info": {
    "chunk_size": 500,
    "chunk_overlap": 50,
    "split_method": "langchain",
    "methods_used": [
      "pdf_text"
    ],
    "privacy_filtering": {
      "enabled": true,
      "model": "soddokayo/klue-roberta-large-klue-ner",
      "model_performance": {
        "f1": 0.836,
        "precision": 0.829,
        "recall": 0.844,
        "accuracy": 0.966
      },
      "detection_methods": [
        "klue_ner_model"
      ],
      "total_findings": 23,
      "pages_affected": 1
    }
  },
  "privacy_report": [
    {
      "page": 1,
      "findings": [
        {
          "type": "PERSON",
          "count": 10,
          "examples": [
            "이정우",
            "이강호",
            "이강호",
            "이정우",
            "임성훈"
          ],
          "avg_confidence": 0.998,
          "method": "hybrid"
        },
        {
          "type": "QUANTITY",
          "count": 12,
          "examples": [
            "둘",
            "둘",
            "둘",
            "둘",
            "둘"
          ],
          "avg_confidence": 0.906,
          "method": "hybrid"
        },
        {
          "type": "DATE",
          "count": 1,
          "examples": [
            "다음날"
          ],
          "avg_confidence": 0.65,
          "method": "hybrid"
        }
      ],
      "methods": [
        "klue_ner_model"
      ]
    }
  ]
}