{
  "source_file": "이야기.pdf",
  "processed_at": "2025-10-20T15:04:24.503085",
  "model_info": {
    "name": "soddokayo/klue-roberta-large-klue-ner",
    "f1_score": 0.836,
    "precision": 0.829,
    "recall": 0.844,
    "accuracy": 0.966
  },
  "detection_methods": [
    "klue_ner_model"
  ],
  "reports": [
    {
      "page": 1,
      "findings": [
        {
          "type": "PERSON",
          "count": 10,
          "examples": [
            "이정우",
            "이강호",
            "이강호",
            "이정우",
            "임성훈"
          ],
          "avg_confidence": 0.998,
          "method": "hybrid"
        },
        {
          "type": "QUANTITY",
          "count": 12,
          "examples": [
            "둘",
            "둘",
            "둘",
            "둘",
            "둘"
          ],
          "avg_confidence": 0.906,
          "method": "hybrid"
        },
        {
          "type": "DATE",
          "count": 1,
          "examples": [
            "다음날"
          ],
          "avg_confidence": 0.65,
          "method": "hybrid"
        }
      ],
      "methods": [
        "klue_ner_model"
      ]
    }
  ]
}