{
  "source_file": "이정우는 아침마다 우유를 마신다.pdf",
  "file_type": ".pdf",
  "total_pages": 1,
  "total_chunks": 51,
  "total_characters": 17864,
  "average_chunk_size": 350.27,
  "chunks": [
    {
      "chunk_id": 0,
      "page_num": 1,
      "text": "<DOCUMENT SAFER V2010 R2>ý¸l*Ö7£Ó«\nFÊù KÚ¾½¤zj<ýj.à°¦·[)#F¼Á'!øGüçÆÙ¤uYÙ+HhGr*X¿ße½MJ~´¶ûíùPvÞõ¡]®Áê×¢©5Èy\nÅ³¥sõº}_ÆsÁÎæ*ãDÞÒr»uÐ£ö¬©m!Ó`×eTÆ@p\rîçe9ÖáïeóÇô:Ã}¡gÅÓdÞ)L~;0ïåbåÁïyz9ÎíEõ]ÇE·kÎ¼®)±óò]ÎP-ùû2wÁã» XßEÞ§ÀWèyR¶â2çóuÏúëSq'õêúájN¤^j¬ö_$|³(þN±ÆÈ¬Âútz òÕ¸Äp=ÍÀßc¯µÇÔß³Md7ÒEß6p/ºuc]Þèm_$èÄó´YÏJB*ÔË7÷U`S|bõóè·TOÐ;U:JdÚÊ©Z\r¥×zÌiÚÜ~A%.gr9©D½iaH¡øaó¡ ~Ñ£ÁÜí\r]Ê£LØê·FkÜ4êüÈeÛ°-µ;¤©Öí@|÷üæ1*£â©o<a`<a3rù;OPÖÒn}K}g¹úxÉ°¶ì*Þr>¬7Ñâ 2B1HôM'{§L0[«cÜ·ýÑYqqiÂ¡PZ]±;ÓT« ÚwX½_Ë§ïè)s¿ºæ¸~ÆëÔ¾¨",
      "char_count": 480,
      "split_method": "langchain"
    },
    {
      "chunk_id": 1,
      "page_num": 1,
      "text": "ý#à¯ÿ\rÄmîc#ó°~DS8©l¶ñÞÑÊx3ÂNÓð~ÏkÚ¹ûLàêâ(òG0°Ëz9pJRµê}Óaiþ¼p<\"=ÄGíúïm.ÖûÀm;Éx;ð^þL`ÿ¶¦»~GÊ·)ÈIõöo!ip´¶!×53#3¢þÚýâäV´v½5Â×ä=\r!XÎÜ\\;R²%: FßÉîÅRê¼GüÉ4¢kVN&ØiÂ¶aUja Ô_Ê¨pÄ£dã¤E\\kV¡Ìð*uÓå6 =úéaÛÌÊÄTI³AÆÒ÷_Kzê)mU».Ý+óéAÀÇ¦}âRrVC%¬·ð)QáàßÊ[/¤Gí=ñT0DgaÎ?·¯·{l~õs\\5Óiã®ÏP±ÙÌùO+fa$!1EÃº\ríÝßã´¼ãX^h\r t:J4¶Q«6t_³µÚÊ¨ü~öUãü§Þïù&<Aª>Ø!^âÉ´8êQÇ¹X8\rJxíù³ãïJ}36*ØT)`Cñ#e¼ûéÍ;¯Ï¢Ç]lÑ«3è¼#,Û\nØúN³Da´ë\n³4ôOâ¡éø56MY®¶P«vÀ^÷ôð|OH¢2! ÖÅÝKØ ÑL¬ÀåíÑ§",
      "char_count": 425,
      "split_method": "langchain"
    },
    {
      "chunk_id": 2,
      "page_num": 1,
      "text": "³4ôOâ¡éø56MY®¶P«vÀ^÷ôð|OH¢2! ÖÅÝKØ ÑL¬ÀåíÑ§\n¼¯÷øålÏÿêì?Ç:aJU/Ó4#ü¨¯N ïZ/ÿk~@8NÅç¶)/åL»ü.¡ÚnÖñlçð¥lÔ0JÞ-q×Gÿ.n´7J04¯×ÜFü ækÜ}Ué\\_Èb+<âÀúbÅvöò§ÈñÕÄh©@ï}<fØó)ä\\C{éú5êÎÿó\"Wìåû³à{òKÊáÑZPFç¤¬Sñz Ì§oAÛ\nÚ¸jØ åByl>5U\rbA»o>SÃÓ¿X¿-Þ/³çº,Q/ö¹ñgÖù&c0ÍÄ<5lðÜ¹zAg¤õ°Z4ñýé¶ª°â£í(éaÓgFÌ¬¢ß=Îa S§:eÞ6XôP+>úþ±o5(íãøëIÔE>¡Ø$Þ7B5¨JýVìKç`£w-,%Í:?¿¦ÚÁËüÕg]aÒîJq0¸Ê",
      "char_count": 341,
      "split_method": "langchain"
    },
    {
      "chunk_id": 3,
      "page_num": 1,
      "text": "ES\"¢S9Ï?¥iÑâÊÃ£Ì>=c4²Å=je^r1BÊµ3m\\iä¸ehô¬,òìù\"~nBTX_&UæÉÄmØOz¤ºVdÞÿßg^÷çðÿ.¼?Å¹£¢Æg_ÿ<$ÙoÕÖw U¹2&8ë&ËK7:{uïåù¿-xkÑ7'3ÉSP½H÷¼bk/j¾³7ªÔßã±ôÒEO<\r[FLÃ¼H²V#Q·E ¢\ry x\\T1[ÏöÕ»¶¶ =t+ÂÎ¨cÔØ§ÿÑ¥\\¬·¼´SðÌä G¿ÛÔÏW,õh¸ºØ#»+Ç¼£´¤põìùêJýb6L/ù´¹W80´ØÆo#ñSÍß¯¨³ÂivOíÎ(=êAºµJxï,mãS{Kks9Þ\\½à#.jLpúÄI1¡ç~è%~Ë¤p8ß)¦Ö°ÝLH Ìªà$Ägá¶CÖöæªøVÀ4Â7öãhÐº+dèn)ûhÉå ÛÔd@«ên«mI¾Ì+ô³+õDrX¯Z,Îz¼ÊYï<4þ®w^~ìS!'YAmý7üK<Ê&âÆØÃOMLÖ¹U5e8Õá{Æ¾¾3$\rø¥M^áNâÏ¦îJRY\"ÒõMozÕ}?Îë,CgKèg",
      "char_count": 435,
      "split_method": "langchain"
    },
    {
      "chunk_id": 4,
      "page_num": 1,
      "text": "b+ÏÒã«0^Òà%]GöØiÏÜÂKH!¼¶7ß@Â8Ó´gÇ°kµK3ðcQ\\ôÅ]0©äïKVs¥gä\rlxÒÅ×\\»Í2æëæ¸QíTô'ñïx®w»Í+Á90ûæûÖÆ±À¿[`ùÀ9æ¢ÑÒ24ßÂ4Ðè3ÙQÈS»|¶u¿Ït7¬½sPH*L£ÌÃÖVùi»Ê]D¯¦EÈÎA¸¥çxzy£t¼VrYy[tOés2%¯¸¾o2Ñ&a¬ÞhÖ*bÄab¥ÂmªÁ*Æ-9á¹5Ô³)2¡c%]5¨¨iøæÁZRs1-2eÆÅn÷üâçdø.\\ÄÿD½,ÜéÔ¨¶ßl×¸îµùûm\"¯°(¥üI»~Á:}¤¬®ÙÇß¬ÂÀ[Þ%£L;£N¶â)¹Yøp\".oaN7{úüå7Ä&Ú8N,+Ëë",
      "char_count": 303,
      "split_method": "langchain"
    },
    {
      "chunk_id": 5,
      "page_num": 1,
      "text": "Ø8ål{û*\r=²áõë.HæÇc´m£ÜþµÎìO^G¹R¹`'\"wYk?\rÁ¦[N¿c%ÞÓÀrËÿþÒøûHÖH©²bB%ò2LGãCxÅ\"^²(êf\\Á¿}âÍ@H|Kaà3ï~dÿ@~<¼pÌKdF1k~þå°9Å óPL¶lIâp=E8(ïú*ª6ÉtHwGï2n{iÄø6©14÷TÿV~¹m\"Ñ@¡dÑAC}¨½ð^jDdå³wY|6Çà&m?Bh_eiÖ|h|)°èQ:Ü«E÷î® ÝÇîÍë^²wÜbOþÜM$x'ùäp°¤7Ù±¢¦©Æçô{)í·©%ãÕéHéA1Òãfè\rg)Å_¦Ã+[³;¤æ;MB±'¼È²¾@ÀÇÿaüýìÊK1¡Ðn<««dâ÷9kEÝ[ z¨7Ú\rÔ;½Ô¨A¢\r$Z°µãÓó?´QÓ2ÝxJ\\'#ÄÏzmm©i¯ê!é»Z0²%½.Ìùþ~W@l¯ú'pÃZí×û½WÏ¶_ªñ3õSc8}\\ëkÜ!½ \\¾V+Ïüí~{ M}ÅJ8étqïHÅ ÔA7Ðáõõªô£êoè_xUx±ðãFÖÖ®c#-o½c&´úÊØ±ÏæÖ¢õF.z§»5¾Dgeõ´¦Êµ¥\r7",
      "char_count": 464,
      "split_method": "langchain"
    },
    {
      "chunk_id": 6,
      "page_num": 1,
      "text": "xÂ·\"óí¹¥Ô(ÅÍãG2è4j#à~(¶>ÖÛÀÇþ~jÛ~-¢g´LHJMµµ©¾Ôè«äù{Æç)µ_ú¶9·jåà:5þ¬¶:£ìTÆÛ>=bz08Öºua¥ Ý¬\"«ÒµÖóVH¹°½ÝuJä_IM¨yh.õóMªòq¹xyºïQÈdÇ º/Kùï¬ï98¦ÑZ_I°Õ¦<_lzxþSùlØn.dX/ÎÌEµÑYô¼Æw #6ö~JÚ]sÞs\\Þ¾n ¢y]çÍËt½Ñ{´¦xBúÊ<Á¿R¥ãzy\nÝ{ÂcÆ22öåHwÃ?gw>¢Ç²/ò~£À³ûS',Iãl¯Ïµü¬Oc%HaodaÉìégÛ¿Qêé¡¡cA\\øeg8ZÝ8T¹á+Dü\"¦¸Þ\\õ¨ìrhµ5)Ã\"[ö+¾)zÎÍ×íAØÕ¾nÇDU&K¯Æ;Ñ1X¼nÉväà°i~Câ;ÖðÿÊS3r}jÿå®v¯Ù¼`^j+ú^%¬õ jrb§´ºÖ¨Í¼J*¥|L°vK|.\"5V$°+F£QKÇMñjþbÑÏÇÂ²®´'KÊûã¾MÕ\\»ç 3*îÌÈñu\\Ó4/h÷éÖ",
      "char_count": 430,
      "split_method": "langchain"
    },
    {
      "chunk_id": 7,
      "page_num": 1,
      "text": ":êÏ:¼ëÙ'{jP,}$¾^zYOÙNFµ<|yKdH²:3Ð5ºXçGYýËüªÔÕÜÜºkÔ+C´èÂ øáÿ,ö1CÓöäüFæfÞ,iâêw9ÐìÅ/ÈöïÍhæ«þ0×Ò++X:&2qÛ¡¶*[ÁÚsåß1ÐÊ¬/a9@¿´\"äºZw]«H®&L¤A}??Ât° TvÐð±Í2°¶ÞX'£Áíñy=m¹[ÀQ·õLuÓaúðÁ=$'7WaÕôzÐ)¹æâød*)sîGöe{màdq¥þ-ß[È»¥>RHdk±P'A~Ó-p~R¡t>\rÍ¾âkZö\\þ<ô¿zx½GåÀHf-ÀBßä¤G®Ðð·\rT_GÓHÉÚ1Ü@tõ³hÎFCdóõ¼ ÈÔïÉÁeèßñ Umâ¿$rVßìÍ¸\"°¥5t9½û|2KRÃàùIÎ¨Wx01[µ)NÏÝ¾ø(M'ùk+%úw½È6'pªÝåa¿<½<ê½·ÆñÁì1YKOu|¦Óð°}ñ?®p:dµÀ=÷,¥=Ô²tXó",
      "char_count": 388,
      "split_method": "langchain"
    },
    {
      "chunk_id": 8,
      "page_num": 1,
      "text": "ê#¡Úó[ÀJ\rê=IØóÜðd=tåÌç}eùÒqïÖ2½ËÞ`ÛmnÅæ !êPh¼Ü÷tÙðOh-y=nS[$.JËaÝu¨o2Â»¤.¯;ÿIe4Ëq'ö#æS7ÉwÊËg[«³qY?Â1³ù?¸R¿shÜËÊqdÙcò¶)ójH©®vúZá}°=ÉîÉÃAwû'À*u7$k»âI#¢âVP¤l\r KÚifb>\rãeî¡Ã¸¨Ðøp´¹$a ½u½ê.Ü&_ðk|`+e>ÝkLze¦`úÏ¹íæâ²´DUZ«Axz<ô\"'öæv+`Eø0aÊÅ\rG\"¾&Ü÷úia·@£x¼Ò¬jqÔÃè>ò¹¡÷Éo(ÙöfÍÆ\ròf?ñ°Q9¡Ó·õûH;Tß1ôs>¿ÜÔÿîÆ,^^hÄÓUBAVË?áj(¥Mþü)T'Iø[íÊNR¿ÄÉ¯/l)UlhÑßúe_ÿO{;Ü5>ó|kx:ìC`ÞkñàÃÎ.i¥ú`ø*gÐ¤Ò«(Éînw³<6D7]þ·&Ù5¾é«þR¤õÈJdºJ1ÅÁ)+Syøºk¬.0|âz¨-Ö$æûýÏ¦øÅôtÝ±oPï¡fÛð{",
      "char_count": 435,
      "split_method": "langchain"
    },
    {
      "chunk_id": 9,
      "page_num": 1,
      "text": "P'Mp;¼RY4ÀÄ¦Fø`2}ØÉ¶?~®Æ<ùnn:Àq¡+.µg!9#ð¼,{´Þo¹yèïymÛ2æ¶4Îøâ¹M®|É¯A®ÛÆÌ÷ûçÌ´êF F4ùä{H¨°Ü»úa)Ä£ë7ÐaäÑ±yHS$4â'È=Ù½:ô7Ç×©ÕOÊ¼9zMÅ$M>ßÒ½Înè84G<é²$áÉÅe({D¯saoeúÀDÕIÆ2(DÈÓ;uD?Jfãx9SÆàìû#mö_ýÌßÕjEQ0Wâ£äù+|:eRÆ1¡QYÂ¸d±ÖÜEãv}½ââÛÁôæhôÈjh·oYÍìÊÄ °Å^öo@ä¿÷GÒ``1aÅc8Ð¢ó<}Ð¸åiäWkh; Ð³qpåh¹¯Y*ÀöÞ§JÜ¿ç¥ÁØí±f$JG¥KF´_¦¶)=´{pe$U#ô³ÇQCN:DÎÒ$Å.¦âÄËëúÄäe2Äó;kÄq(J ÔÝÎî?¶î0Õ[«Cîh(RE³¢ô#L,P¥fãSLZg@Å×P  Âi+öí_#È\"¡c6<ôÙª^_^Qù/°.?7:EÌ%¹³®¾ª@8/ój9Ø¤)òuØ È¹°@þ¶",
      "char_count": 435,
      "split_method": "langchain"
    },
    {
      "chunk_id": 10,
      "page_num": 1,
      "text": "ÙÂUßº×®ucÀV¡¦±>a\\OMz¬¾Ìüª°dKCÍ®·[Ç¤Ø-`dTdn»]é¸íçUnZWÕÿ)©wðÁ£3Kjî¯xÊA6ìQ®éèPì<¡ó±ª%°è'w<SL¡ó.áFÎ6[»5+0z7lGÒÔ´:<Þ¹^-þg6f¢à¤%}#2tó^2¼=Ã8qÝ¥Ë(#(¸âUVRç[r{:Îî4ÙVv%Í>|p~Dáv#Ó÷øuô^&Ô\rùÄòb¾ÿK®¿ë¼ó/#L¢#_T½5d£ÙJddíHÇ²AûàiÔÍo%dD þÐ±ê´r]åy$R5ï~§+@Kl»´ð\ràK>ÐYí9CûqÌk°Wmëz¤S¼E(~b*ìxZTmÅe;¥\nWi8^oÎÔ«tÁñ%KË\\<¥ÍûøA¢Tö§&vÁ«~`ÀÑÜñññçE@¬ê.)}µ6»:1vA!b@Ã&¨L®åaAÆ-ý@¨hJåÐØnúûw%H.L{Ñ¡ìÎù¯MOX|@ºÜ{»:N|nÔU\nTÂ:@B\r°H×»6°²Ù0ø+·åÍùThÒjV%ôëêcÚ³0í¯#ÉØlÿû«(EEWN£ûOügÆÓÆJ",
      "char_count": 436,
      "split_method": "langchain"
    },
    {
      "chunk_id": 11,
      "page_num": 1,
      "text": "òkã5ºä¸6HìZã[ûfÌÅ)òëlá?Ôm©(Ýú5ÉYd)/®.?øêæÙoò$Þì©ÝÓn]`ö«ýÑ(Òüt!b§1\"ÕíCVHã¦*ñãiË$Ùönlö=8\\|Yây[Ê wrì3ö\nKb¬=*^ZÏ\"¹M½ìíø*´Ãî¥Ç\rÏ¤x0~¾\\àûoÈ¢%ô¤+D1âY\n]u\"RbÏÕ¯g#OëÚAæî©µ×",
      "char_count": 162,
      "split_method": "langchain"
    },
    {
      "chunk_id": 12,
      "page_num": 1,
      "text": "«*êi#´)øBUÅfG=$Üëkq8«#Vþ¨É[V¸Ðóü]ÞÈb8Û åöÞ±¸â¥ë>BPÀËÅ½mJÏ'º½jÆOÙ¢ØóÌVÊ«{üº#6cûØÊ7M×Á¬¥6O§ï5?}Ý!+ø¦ÚpDb]â$öuô\"î²´{ô¾º}#¹^Tª¤|`h¢È§Ãk·çÎôÂ@Þ,£BJ~É=øU¿ã.Dé5²²õyÞ1vè®ðòà|u¿:Åê÷výgÅr¿=¨Å\\Q¶³ÿÈQjÍw£Yþúæj¿Qþ%ÑùÜDä7?§Y?-JÔX\"óÉÁp®GÛaÉ\\\"JæòÎ¤wÆl|Ð¿JfþLê³×ÛÐ»Î©Bín¢%q}b©`O/Ïß\\<;¥lS¦ùeûDðÃÎñÊù«bÕÆã@$\"1ïèú¡Í¥\\LÐÍÂÈJµ·0ïÿKÅRG1©4iö`L9Ô¬Ç\"Kö¢KM>¡eVø\\wÉÑÛ£åÃ³ÎZ2ÖÏ£I¿T`%Ø&ì5{ªýþAeÎá(ûrÇ{gÄ¯a?ùQ®6èmlDZ|M¸$YÇ8ozî#jqÚ¥(ú9X½Å]É4Qé4XQb\"F ü°fç§Já(ì)zw§ñ(",
      "char_count": 433,
      "split_method": "langchain"
    },
    {
      "chunk_id": 13,
      "page_num": 1,
      "text": "ü°fç§Já(ì)zw§ñ( ¯NÔÜ´+&½Öûî\"ëûËGúX>w¤làá[°RÇ£JZZ-¤HíOÄÐuÏÎÛ¹ðÄÏéýHìKËChÝËåî,ÂAõ¢Ý#f\rÐJ8ÿI1LtUT7±VUXK´ ÍÝ-Ô»·Ë±Ì§üðë~'Æ¨ñ1×ÎÚgód³y³/aH3 vëà**ÀÍâÿK«oÎ&ÛùyDrn¿çDÕÃ¢úXKUwÔxT¡ñ0ÖöU/Ó-éÖ6NfÂp´",
      "char_count": 186,
      "split_method": "langchain"
    },
    {
      "chunk_id": 14,
      "page_num": 1,
      "text": "»ãï©{Ïºdæ\\Å¾0?¿>5Ëu 9TÈTùBP0W°oË(Ô^ª.µ$E«-·èÓÞml9GÌÃ¥ªo¡'íÚHËüÂ$`ÚÞWGª®Ãq;Ñ'|&¾×'?jlÆhe®M(N§ñpö±·²\r»5ÐUËo`zÙh=8Rºûn×^°táô·È£¡Ä¤>t",
      "char_count": 129,
      "split_method": "langchain"
    },
    {
      "chunk_id": 15,
      "page_num": 1,
      "text": "Ò{0a^nz'$U]*y4(Û~£?ÚºÛ*¨<S\"ud{¹ýBÐnÎÖñ\rÐ»ðÁ«/ò#ãµàLÔ{&s¼0&ê²?ÎÊGÏßÒ@H¢ûÇf7Á¢\\¡ÀxZû$0ÀÔWz6N_Â\"9Fßz·uÌ¸kÁ9Á=·}1k_¥wqY(:7[>»~5Ü$Â#ÙPñþAÍ®ÿÂ7!;Ñâ·×âu¨H\ry¸Ð¡È)çpöLÖY&ïÃôä·üy,jFÁ,·R´ÌÁ¬ÿÓñÌ«à\"W®ëõØbÐÍ;×h¨±pË§3rKÔáO¤-B¹ZJÂ3t4lÈá¶£8h©ÍF-¶÷!®fi!íñºW²m®|=~ÿÔ þ%&3&®#QYøëip{®«¥_8/Wu9#6TC >¶ÌUµ½¶ÜÍÿKG~(\\ç²Ds<Ù:Pdª,ì%6d§PVAÙÚóO$G §n gL7R\"ú-¨ìªêzéãÅÞÅýUëÙIlÛ>»¤õëBám$Ä!$|ãØàSBPZiæku:®$0Üg@ =\rÝÁ-<è6Ðe2óììî=yTýR»ôëyváõÛõª1+\nW2·÷;\r8ïMÁØrúEë²a`Cëi5Ò÷À.3úìûÿ¹¸RôWô¦ÅHg",
      "char_count": 451,
      "split_method": "langchain"
    },
    {
      "chunk_id": 16,
      "page_num": 1,
      "text": "W2·÷;\r8ïMÁØrúEë²a`Cëi5Ò÷À.3úìûÿ¹¸RôWô¦ÅHg\nQnú±d HÏuº,4)ìª·<±ªÇBª¬Up«½Ô.æ¡ò'/4þÔüíÜao21ÃáX93»s Ïûvnsh·DÖÖP3ëV±ùé\"íE×'ôfá©üÇåöñûr¿Acg4*ÿéÍXJ5ãÊIê\r$U©S*Î`´ywÅA9z7;a,e¦Seé@¨:Ë÷2ÓÖ|»¤ò±?jòXä6¸ß1¯Gh-[wìHÛ½Ò«r«\rJMçÑC:/KjMcÑSqù Ä<n\\¡É°çÝág©?B/ûÄÇJ£7KI¨.¦®a@EØ-4¡©´/,¯i:ì6ÃçÙ'¦ðVFÃ+7Z¹,`_h®Ê:Q÷Ìó]Úáãm4oö×;îbèmøx6óGH}¯übÏêÝ//?ãz÷áã ã|'¼Jé ðö¢¾zSõgþe«5å±üEª°)t",
      "char_count": 350,
      "split_method": "langchain"
    },
    {
      "chunk_id": 17,
      "page_num": 1,
      "text": "c6Vúù6ãÑ8ð8]ÍI&ì7¾4Gùÿ*¯íö1ÚðóÅÁîyãÍ8ÑRøÇ¡â£[(@a®©7ó[cÚÍFW4X¸Á¡vnûÂÝªÏN1§iªcþùVûÏe_ÎWüSßë½T7|Rg§þgäêñv°b®µÁUJÅI¦=Ô·²4\r@¡KEÅ(¸£#õ,rÙIÂ[\rÑV@à,[ìä ÁH>ßpÚaGÔOÇ'JBo'¾¾OI¬]vlTÐÄ<ÿÌ¥Æýâ¯SÊ&s«¡õOÅ!?BÄ´.<ª#}ØØÖ\\LXG(øV»ÛP=¿Ã3P°íÀ_-P3ü'Õ§ÙSÁùeÆÂ\\º«å3PWPl~ºå(ïÕ!9 `&=Ç)+ØVIK'Ûª ½âY¸¿A#h¤f®Û<æñ!£ìW¢®¶ÛÈ¹§¤ÚÐP¨¢µ\nì9«ùìù-mãi5Q¬<l%ÅP³Ìs®î( ¥ô¥à!2 ªjq\\t\rýUï?xÏp{N»ò©OÄ¬<ô[hþ©3=Ks3´¬ñôÙØ|ÖÇ»øÝÄë\\#g>ìë3~HÐæ¿àÿª´¹;ª:ªVE>rhõ¡^\")ø¬ú1jÆ½B",
      "char_count": 417,
      "split_method": "langchain"
    },
    {
      "chunk_id": 18,
      "page_num": 1,
      "text": "ÓrÈ¤ßïëMôÙã´«üÖ]ôåÚ»ÒÑ.ió·©ÆU`cað)<Ý¢ÏÍ+¬·Ô<÷euNÕI\\ædãÛarO%-z³ÿÔ7ÅËÊQ¹$[#-N`²õ½VCuÔ¡\\æP¶±ãBg³¦ªIì}jTz!µàæ0#d2§ýé¾P°ÁéõKXZV×®A1èv\"'wõÄCåv\rá¡Ìü[K¤8ü±³Ç®·ÎdÊæUÓ#Iþ÷}î%+U>ë¶Ót2ÿãMCýYÉà2|®yÙdòd¸¾¼«²lO±A?Wx`(óô\\·¯3#X7èÎT<¨^$:õ;ÉÞáÍ^ª\n<)`Ò1jÔ=üiqy®Jw¯`£ÀªQ.$J +u]ms\\5\n'b>÷W®Rù¬ü°\\£âhÚ*\r¾õüm`37p½]³ÀóµFÍ<XW6&Î^Äáæ¼À)¤ÄEÏÍ-qâ2DhnÕ~¢}ùÑ\"o½?ÀîêuiJ^¥£*î¥[RTÿ©7",
      "char_count": 348,
      "split_method": "langchain"
    },
    {
      "chunk_id": 19,
      "page_num": 1,
      "text": "pþäö©m¿]I§ê0ÿl(I3c*þtãóä~·a´¥î´L¨íÀ;Ú¥Äù\\jëÉcô¿l+aÃÍ¦ÎÕ³ :9åóMØùÎ2p²B í£!o·oÂx©åvïS¸å[X®#Ö4yçEo¤âXrØíÖ5(éìÌ¬q8àÕQ>Vµ¤:ÓÐº]Ô½ÙÌIÊÔ0ýiÑ¾Pk=QðÎîvEôFy¯LÇåWm°eÜä±â¾û ß¢fè¨ÓöE«ÿ<¤ßîSnùnÞrÑNú¾ø¡©ÎÆ³Q·>»Õ³0Ç¥Ó5!ÝgyCOÄR-\rÍûD¼~èI*ÐoÜÅÿþßÁ óäÍ×õ9¶xD)V'ÓYQ#«ß¡æ¨ü¡ìÌ\\ÿ´ÏN-âÜG{{½èEË4Ð¨Ù]^ ò8¯Z¢17|ÎÙ$&í}ð|^6¶}6 \\#ÕnýÔà'¬WÕB!y&GÒù³úÍ;.I©¶ÓÅµdq·ô)I]oIõ÷y0ûçõ¹ý|$£Z dÐ¼t¼ÿh/¯ÜaÒz4ðùZ»®ÇáØj©I·?BA¾Xoò×øoVüUÀ0«>7c¼.Ð:f¶·*£lTsQ¡¸x]Y`Gj´<Q",
      "char_count": 419,
      "split_method": "langchain"
    },
    {
      "chunk_id": 20,
      "page_num": 1,
      "text": "Il¦«/Ú±âb®Ñ©Pp¹)Ê:xÈ?Æ¾uaeðå³YsÃ´ÙBVÌ©¯ÖùâQ¯XÔ±Üî*7ìÓº[L[Já¸Ê{ÞÖ/,ò%\"ÒE'}tKr¼À.Ðä´Y«saúò¶¦¼â`Ó¸ÓV{¤2aqkEL $küÙQÆ¡ó ¤ÔÇ+üëã°uÀÛtøñÖk1¨3¬þ½(ß'»»AÜ¥xxwõ\rÄû($úãÆ¾êIýR¼:ÚÔþ´¬\\#I¢T¥£ë8ÜXEÍèlõû!ÌDÐM",
      "char_count": 191,
      "split_method": "langchain"
    },
    {
      "chunk_id": 21,
      "page_num": 1,
      "text": "? eÛW°§²VAgðÉþ©{m^ömUÅÕPØÌBÂ$[ê¼ÑÅÚíÞØt³Û1ÌéåÕaùÖÁYä_ÈÓ% E\rIÝtäE.\\~a!;BI M Ì&¡¸ôKK\\0²8d?s+øJ\\H8 R¬íõ [®xþ~Çóý1åuPhNzÂSÉ\"âc£dUÊÇN²\rm5Õ«s\\QÎ B²ôÎøb¾ðbsã°:´9Çu¾Ne©ÍezCy½£àÙzÆ¨0Ãã,ÜI?ªÇM_¬ÿîØ|ûd|ÈDØò¦?®J9`ë<DðN÷|Ò,Dy4Ç¹0úb<ÇåùDÙ,Fº/Æ>åð<ãr!4ºèáL¢BþÏ+ÿ&-W,Ýöo^ ©¢´[Öo ¾~B;7@8µ/òÞ§þ-äKh0Ù9ù5Ïì\\Vâ[5ëè#îSWÆ1`úÄ;¢AiJ}vý¥¼Ë¤ÔaCníi¤ð;*0A@ºwRÆ¥ùïvÖÿÇûsî¬»ßèë`}àìÇÛbÛeånLíw¹ÛgM½kBÔä]ì0qêk¥Òvµx.ùð¯EÍÙr'jº±õ!ü'I½É]íRZDÌ¹×\"è?[Gs98@ô²íåÑfQ`36B ¬e¨±*Ù¤*¨",
      "char_count": 438,
      "split_method": "langchain"
    },
    {
      "chunk_id": 22,
      "page_num": 1,
      "text": "+ñãâ>b/ÄÄÂf¦®´!Ñ\n¨56`#Æú9ËHöÓ1Î[îfM~è÷X,Êe¶Á¯@Ñ§%¸Þ-~·øóhqÅà_®]=¯ÖfÙ=Ø`];®ÃFðc¶YmB»1hÄ§¶ñ¶ÜGÑ¾c¼¾Þ%Ñ5&WñµCèòäâ7~ÍXBÆ«FØÊ±qÁÅ]Øõü½ðl\\BÅ$ÌÂ*hÖ«ýIý¶$`|£áÑý§ötrXEÃè\\'\"&-M5GÄ{µL)ºaÎt.,²ÉÓ¨»2àÀTøNãET+aPÖ×Ðu±MÃîL`;·@WUOp4¿k°ÅB|`´.÷P${,Û^Wn#Â>\nü_©ÈlM¾æàbyçµÔ>:ö\n}Â\nÊRF¥ðä©.VÖf&$¸\"ÀliY+QtúÿkZq»:#9Ü¨ÄEI]þõÊï`Í:Ås\\~ÙGé¿T(^<5niäìJxjnx5 ¸]Îª¶»9ð\ná\\Î>ÕíÄCWx Uwîÿ²Â9aLrIØL¤?·ÆOÈÅ}ÈT>Sk5ÜWu{U«ÀÁ«ê;¦É¥v|_J8",
      "char_count": 391,
      "split_method": "langchain"
    },
    {
      "chunk_id": 23,
      "page_num": 1,
      "text": "s½QUó6ê¼ò÷¶j-!tÞ^µðôÊÐ»]é%þþa,áüúY¾Ë»àx[À0øª¹VÃå¹iNE>7¬}±]Bîr¯©OKXM7ÂÅÓBíÊÅC;oY1ëðLraXz9¤8//Ý¹1¹tÁh@?grYXc:Ya×Óýg|p:d°ôÀ§ÛAS:ø¯M:çlí%¥Ñ¾ñ ÄÈçT¨ñ/ÙàT¦ëïRl¹}%>à´§5SÖ0lIeJnØc¥9ÈYZòb75{ÓÙÓÂ?W'aoÆs¼hLªçödYUòHYàÀz{¦¥=2seÉFÐ»\r¸Eð¾;@&V×$u0óì¢azÒÌ`LÉä¬,Òà´BF-ð§,°ÂÆXóTïÏBZ;£ÒîÞx¾`uðQ»Q'ä³÷&",
      "char_count": 281,
      "split_method": "langchain"
    },
    {
      "chunk_id": 24,
      "page_num": 1,
      "text": ";DQMÜZºa%wÜ¿Þÿb}PïîÎ¿w¢çàÌJ÷Ñ>§²VSun¥ã¥ÚZ©Fý£lúYh(X2UFGÈÒ¿:ßv%Ñ±ÂºÛ.03.Ô½&×VEÊH«3èöð#²y@ÄäÕ£Oh&ó¯ðÒ#]ùÅ¸C°G<`!aX9mFl$Lçuº±4E©Ö|P7È¥[¦l1Ø¾ÿàæáeiëÞi4:QEþäÊ4õÛ>¶Eï'K±hxÌ¾j|û§\\$&É)Á|¨¥ööþ'Þbóø(bÞÄ5FPB>v.Æc¾I}·ÿ¡÷ÅónRØÃ5ÖÏ´Ê,®õrmÖE^¼{ÌU¾*´´º®Ç>f¦¹ÑwÐ?%¨7ÔóIe÷Z¡À3îy%(·Ýò< Yí±Q2ý#OÊÒH¥èuPXÜE¢§nõÈåîEIÑywæ¦¿x²ÓñøWdÛÐvïë§ÅôuÕÀ{Ü3e",
      "char_count": 322,
      "split_method": "langchain"
    },
    {
      "chunk_id": 25,
      "page_num": 1,
      "text": "AkË!S¨<t5WRNy¨hJ(×K`bOßàûê1þ=¬'Ä·t½4áô÷Zá%ì+yîbHÐß4HLm}Cêþ%+ÍDó¾`¶Ý©<¢©ï3EçþÍWtÓ\rèº25Ï{,è¸ 0ôÜóø¯qïl+Í2ø¼G±+7 0Ô3ÑÎ?ÿ>IWJ°lìEW©EnõüÄ\\ªHüIö`!¿N5Õ7¶PMõ*gGÓd¯¬@ùÝç¹CÅÁÛemZÆ{F#\rÎRF¿TgÃËCTç¿ä(-æÔ$,Iò±XæÈÜXU>8æ²{Nq§Õ<î/@õFP÷9þÃg.l®CL÷®©Ï)µÜ2èJTc'ÐÑµ02w©ÿØMüÓÏUÏV³ìÜ,s};/Ù^x¹³^pæPàÌØêI$ìEÒj¨ÔG`×pÃÔ;9[``Zö+ï/½êSi^Ê{È\\¡+f|ÜZXG2ÔÔÃOz4RsúmNùaNSî«î°ª0àkU`¬à]Æ#(Õ8|âÍVJ?n:ñìºÓ>=È¤SÑ¼",
      "char_count": 371,
      "split_method": "langchain"
    },
    {
      "chunk_id": 26,
      "page_num": 1,
      "text": "OPKÓ¼ARÈJèÍ^Nÿt*jæ@òú¬7Ê¾ÛAofYPÂèQÓ¨\\ÕñF%ø¤õX)£ÌH¥ïL×Ý)îèÉ°[Ï;Ï{.! ×±vaß ÷l_, Ìâm~%Q5¨ÙOÛÓÛq©±ãä>Ö2çI¯¸½u§I}RÈÃ^ÃFYµ+Äá°Ö8¢ÈÏåÐ]SMxèýÿ@éáUX-x9¬Ün\"_êLDgüWÒçl«Ü×.4Ýf,EV°^ñÐgNµÐþæðßHxÅûö3ÂÆï#¬µ½¼#DÆsFNÝö}ÂXC÷àfÓ\"ÁHsjñeeåâE´ÁÞEµz[}]§9&ôRI3L!ÐEËª>P¹ë-eì!¼AÀj¿bcmAÑÛ[$(º~Ág@ÌuÇÆ²Ý¿êÓéûY¦M°ÅWÐÎcØç/`¶F.<+2R¾Êòÿ¡vÛuîâ\\¬È5eë?%R\r/ÇxýNÊC!ë,)(qÕTA*ÝðEßl¾üKX8Iñ»¢\\Ôö5SþÚÁ«Ùø",
      "char_count": 361,
      "split_method": "langchain"
    },
    {
      "chunk_id": 27,
      "page_num": 1,
      "text": "æðz%øCÅÎy¬Óu¹6Ó»4¿üñK[ÃG â áüq¤¼¬Ú&Mh³,¶[´ó½ðþ¤*âQwDÓèh»îÑºí·A×Ú¸ÞXS`¥tj:4§yz;Óp§%Ik´*´>tQö\\Ñ_ö1zºÞ²ùSÔ{!¶:sUÑ+=4WÌØ5òÝÔækÏºº|WMOëç$nÇ(ZM)ëªDÖÂÊL?7c\"üNîpÏ´mûPÀ çìÏ@_¥?xQ§%¯GWtmådC0a½äºT²¥`Á^Í;ej@ª7Àfé+`EDå¡¡¡jäÞbü¥QQü]à£v)áòbÚÐ R,¬â¨iô¿Å*xI}Êÿ$ehð:%Oúõ`Úñ¦æËMÆùr°Õ¡H,À/#zïæv/$~¥§õÀå''æ#6û¥U8g[}v+1 9C±´WÜ¥SoðPZã|c?º d=SÔÝãLçk6´¥ö7éÆì^ùDm%Ä5ú¾¸µ5Qþûª^Gt³\r¼UãËa±~øÖ:D|JfÚ±ó,{¨cÂ ]éÁ#:F¤õ»fqéÝ½Ñoa4VÒOMÃ{[eÏun0a{,N?´nFìyÆb¾°'þ½õòÃö®áYs¾&òÊHDÞfdùPì73;7å²æô:ÒÚò|ØZ.ãCÇÎÝ2§¨¶FTXJ",
      "char_count": 473,
      "split_method": "langchain"
    },
    {
      "chunk_id": 28,
      "page_num": 1,
      "text": "ø'ÉA%w!»ÐJÝRqµ5hä¦spµßâøGÔÿ¦\"¿ù½Sû0bZÂg×Îk)+ûY/¸º!ö``¼ÙC}YÃd°ÛÊ:of²Y¾£",
      "char_count": 70,
      "split_method": "langchain"
    },
    {
      "chunk_id": 29,
      "page_num": 1,
      "text": "2¡6Ïú\r3a)Ô¤¾¸5¾lî¯FÉ¸²Aº¶Rÿg;(ÙÈªoW,dtÙ²QÇÙéÛ&ºûâ&ffî_q*3}PI*y¯ºüe j¢qârÍYX%1ÈæXØ)viÞjÇCî×øã^çWl~ÀDSä£FébtÛ`³FÈÌaÿ-SLß¿\rwàj´a´ãTH6é'\nI+á5NeW¼«÷ö´ü8`ù·[ä,HÐ_'ªú¦'ÔÜ¾Cy\n3[óGÜÍ«ô°!UÜ «ü\nUfj)«é¿=|å\"¾W¯ÅñxwNägU³E?©Z_]Ö³ÏZÏùÚwsLð@OÓF*2ÚY>Z©oÄñ4#ªS63¯w¨o¾äÅ_ôSAý<©Ð²»ã¸î|²ó3lÐ]½4°ÇØú7ØñÛoç<¿wÅ4píÛFc$ÑSý¦Ó3Ý°â*>(8Ïõñ;¼óZ[\nìf¤ ¢e¬áÄ×¥7Ø»MN{6Ö7uÃ\\¾4k}b>õo(:c@«GÒÑ _FºP&&Ùh½ksYC8#lçFºÚõ¨ß?~DAÏ÷ä\nãW×Éq¸Ü ëHg;åµÜeÁ¹õ9\">hx\n×É/ô0aX\\y1zÉåSàzféã1!¼V\"®9éw",
      "char_count": 439,
      "split_method": "langchain"
    },
    {
      "chunk_id": 30,
      "page_num": 1,
      "text": "×É/ô0aX\\y1zÉåSàzféã1!¼V\"®9éw\n:¯]dçô#²®äÿ(ÛÎzÆ£ô§ôPqmÑ¤hÁ¬Ué¤½øöÙÓ1%§·À6ð_Hù«çDu>âN&ÜÔ1¢Ú+¶³8@bV)£JUßÀ»,ÛsRG%iOkáÂ¼èÑ¢´\nýóUDúv1kìÒO¼2\\'RiY³Z#¯ýW4Î2ºd¾f,º$l²(Þ(dú$®{0y1=D0Ðñ@þ©]ÆLi¤[³Ï\nÌD¦îI«aJ",
      "char_count": 191,
      "split_method": "langchain"
    },
    {
      "chunk_id": 31,
      "page_num": 1,
      "text": "ÌD¦îI«aJ\n®½HáìB½²64B#³ny(zåÿo:cêÖ|nxrÿ¼4üxã¿Ø/tÎõnÛÃ¯ë=Òqm±ø%8a\",Yäsâ$íAi]zÁ» 7pü¿L×Å÷¦|¾°ª¡ð½N/¦Ý4/:i\\&®Ãh²k¦âþS×z^ªVÉ62ø)IMÇæ¦Êðåú]Æ¥Ð¦K}[/SË?Ìyh©öìûMþaÑÆ°4ð¦Ï6k Úè§oÝº¦å|y8.ifº$ÄÐý%U»£¦]i±x÷á)IrA&Lý(>è2!VQé+s³½w:Ót8rlè*>©óa$-ôNgÊÜs1<1[ÂÜÖËvo6_C®/;T¥´~Éñ¸Ï·CÖ[|¿¥`åI¢kµäÐã´¨Ñ7»-âÍéky*<]µÞÓ#Ë&ªÙyÑ¨@éÎ;tMDg;ÑdkªÈ[@Úí¾ïaæÞC_Pfí°ÌuÏ½ªº\rýÝð?RæÔZTÁ@ã*»flÝôY45%S:Õ4ÜÓlä¹¡é¥^QÝM1äá«¸ù2eb58Ü$i?JÚ¯¯Qox",
      "char_count": 395,
      "split_method": "langchain"
    },
    {
      "chunk_id": 32,
      "page_num": 1,
      "text": "É;ÁãiÇØ¦²B)x!¤Í0ü§æ&=Ñülkô¦4KÞ£¿·Üûa½P#}byå«>Þ¨OäÉåøm4© ·q:iBpøis÷aéòüM9ÝÐ;DÖ0tDy I¦þH¶\rÇû3&Þ±H1ésèd¡² >µÔÓ¬ªEJY¿ðs®||SP\\·+T^\rØá©·kòrV£{%WÇîQ& ºVafÊy&ÇôÑh5\rY0Øòh^RUée¼¼Q988¿::*ñ×² &(ãÛAÑÙÀx·¢j-Ò\näÿYõnNÆUÐ$p`éÄTävh».~x[î¸±'ýïw;áUå]¹]·½$¯!Ì¬¿¿òÚÕw( 1¿>æÚi^><u,³(.ÿ³&é×ãèx¼ßën·ó9FÔ&L6Þ>çmµ6ö$oÛÿ· lé¾ì¶Òi$2ÄùîB¼úb3Ñ±}Ñå\rãHÇÛÂeèW*yôbmÍ{Éìû¯ÍJ+\"¹¸Ñ©»~ÁÃY·ðEcK©IîsÁûc ¢Cù¤mE|O4[GÑ¶éù¢X2Zð¼L¡£xîóG,M¶ñóÕ(_ÜñûT¢¯dUÔÌ5®Vz[¼! Ï§ÎµÏ<Ö",
      "char_count": 423,
      "split_method": "langchain"
    },
    {
      "chunk_id": 33,
      "page_num": 1,
      "text": "²³?YIaN[;7{³àêN^x±â8-¨ºMl;eAÎªG¥¼Ø4- Öòn`Õ}´÷1 `7âG¾®ý}ùJò¼ gµý£¸ÌÓñ»1>'_Î¨*iaW/ÝåèrÑÕX[È×á3+ãÓuUJHÏäi©n»j¹L×-Äjù6\"ã?pKîdÊÎÁÏ\nÍfÌbÆg§0×BêÍü=Znàô$Ö²zk@ùÙýË¸Zèr!ÚÞmþOôDftëê'²ªx1ÝaÞ÷µò{\\ÏggH4Ý§lÇÛGA4ZB¬!çç¬Ï·CõW^«#¤¹Ú/ÀqjÑ5Ý/l¨h-\\-½e²ÚTÃ'©ö¨^D¨ýVôq(V®1ØÌ'd5þx",
      "char_count": 256,
      "split_method": "langchain"
    },
    {
      "chunk_id": 34,
      "page_num": 1,
      "text": "ºf!NÊWyx´PÛ¯uRòÍís8>û .?kÑJ#ÐeÏ2Sd$!|SW®u{´¾`Ý@ÙÝ¾5N\\ëîñT@ÝÕôï¬Bº³j¡×Pú¹jùÙ0ü&>÷·aãÑúTù÷RÉ°G¥RÃÃÿÿõ¹#;y( ÆG¢Né·FØ)z¦3ýdzX1k®d7]å\r«{ycBäGÒt±yh¾¾b·¶Q§Ä?¯Â}úYúÛB¸à~©yòYM]8\"+UÐ¥¿¸9Â,ù$Ö(ÔtøHÙu;TÊyµP(ÎQìû¤ÅæÚë½1¥;)¥?Íz/¥kºRzg;øaKYrÒÔ§H3£¸eB7Z5ÉÌå#¿pw98Rv¹ë\"®F6Ä8lv£{}GÌº]ÓlÐÀ-Ð3èM+t1Å\\ÜÆ-à4uÈ¿òrFÝ(¦j¦6ÜX,àLÖ/We5!Ý%[îoj^ÎZÐ®Ôß3Ï32oÌr[AGRæÆzs\\CØöX°W¤Y8\nN,µ4/GÅÉp:B¥odjb¥\\×PBr£gSìöÌÇh¨IBR´É¾,¶gx F=ÜÃÝõ°ÙkM??I%yT-6²«C½=@ÕcÄ®É\rKf½ãöëzK|",
      "char_count": 428,
      "split_method": "langchain"
    },
    {
      "chunk_id": 35,
      "page_num": 1,
      "text": "O|Zô,â/·å?CT¤ÆmÆósF}ì´_ÐºJë¢@=]x½gøØÂ hpºüKÛmP~B5||H=jUG¶w»¿ÃõÂ)þ:ùçfC5¾''a\\>!»ÓN<òED2áCptfN¾äNþ8Âäå%þÌxföHöîep}!ÞÔdI«;-î?R:#¡^I7aF¹þ>Ùj8<Ñª@Êí¨¿_.>>Æê[kmïdS,ð\\/ÆóÜ@HcÔ¼{l³H°ÎHa¯)ÚÂ^l@Ñm¨©Ì|½Áòë_Z4X¾çðíâ>b¯O\\.<r! F^PÀE®Qþµ!ÿüNÎ3ëÅ£Æ,EÊù9xÍù§nh3µÂqèÚ¥P+±Söâ[@Æ±*`VvuòE¾¿«]jºÉÝ ¤%7F×ñÙ|ÍTì§ìYÊz§lhºò)~ûL÷Ä[¦ü¢-]Y*Â¿¶Ö=i{Ñè6&'sâv\rY´EÑ¢<]æî¨ï?üöí×¸$NQ9GòH©DÝD\\ÔÚõ{êLÿôk¨åHe)¿/½Þ1ù®gÈL&¢ÉÝTr}ð%ú(Ðñ¼ÃÎî¬èä7DÎþÔÿS¬ðKm\nrBº\n¢ ßÅwÁð÷UUË|ô[£ZÒºÃèzÀ.¤Å=öS%éÇfüpÛÆté}öp[-E",
      "char_count": 460,
      "split_method": "langchain"
    },
    {
      "chunk_id": 36,
      "page_num": 1,
      "text": "rBº\n¢ ßÅwÁð÷UUË|ô[£ZÒºÃèzÀ.¤Å=öS%éÇfüpÛÆté}öp[-E\nÒ±~0îb{2 #MàïG¶NG(rúô·9c5A »U;w=z8[¼=êqh²çf Ûx ®ífyYu¹´H×ìÞÆw·bxÉì¨?ÛvZì¬'¹Ò$B¸¨^¬RÞIú8ÍxëEG±Èþõw¤¤Ïa,&ì>iª6µÍ|p\n½\\ôcþÛÆÚÜ\nb%®õ°ìÈïÒ",
      "char_count": 181,
      "split_method": "langchain"
    },
    {
      "chunk_id": 37,
      "page_num": 1,
      "text": "½\\ôcþÛÆÚÜ\nb%®õ°ìÈïÒ\nÒfé2OÈàýK¯úvwúÁ^ô/®6Ñì¿±ØO<°ô8üØ,ìz©h¡¦*>w3ØæÎz×ìô>X@¦þK7Z\"V3UäödùêSèð®9ËOY\\zþÒøHgV·&Pe?=åyè`XB3^°¬b\\+Oò´´âìµÏDFìÛu½PW,z¹@½ÿrï;áÆI)Xû öqòúã¥¬¡&oÙcÍîNüfy7l÷¯»ãi!åj-ÕNØçutZõ!ÀÍ½n;jðþÚl§:®ñ½It}s{« ¬ç¤¥´.¾Ì3Va\"ÛÖµ&¿É§®Q§\rrëj#&ÞãAÇO$M`v'¶Ü8MG¾þÙv^ÓaÐÒo)¸`(IÝdY·K_`ù½·îrä½NCvB2w8ç<¹ÀöÑîû@?Ï<FüuÍÖ@S²]ëÿ|'¯¢¢SîDW®böìv¯Xoçïæ;½oÅ°LcÀ4=\"D8?`jj(tó?«Éò0CVèxHó¤(ÊÒc¡82çøâ|ðìÛ$É,ºôM;z[IÌá{ä8óf®y3ª¯¥ß}µo{®|³!wØËN0$}¥nlM+0¤XBõ.X=©°c=¨hÞr»¹_Çê}p",
      "char_count": 449,
      "split_method": "langchain"
    },
    {
      "chunk_id": 38,
      "page_num": 1,
      "text": "¸G§¯HS@×A\r×¸¦¹É¶Y\\Pþ¦±±Ò+Y5¼ñ¼¡åH\rú©EGîÊÿlAØln¸lÖEÃÀ)aËG¹v+¢-·V¿«wWÛ©Å¡_m¤ÇläÉ|»^ùý¨KâffÁmªªøk¾ÐÂÃ(Æq6SÝ4÷G¦,ñålAºÜ»£2Lû!KÏÒdï¤y?Ò9üú5KZsôd@àÓ(Y&«?Æ\\à&Clnæ¬÷³ºðçe3IH°I È¾¬·*Á)ãNhQÜòE[Cy!ïì¯ÍÚÈ¡k<bçÖa<ó)+Gvøìßy.[àÔUÐÝrÉ,¦ÿÇx-Õpx<\\M¹ádM¡ëÍ+3ºûv!Râw¶T5á,yë4{ñèçìó³[¦^<Ì$\\íWdlÂ¨×/ F¯c>_Z¦}õ\"ç?pï#ofÛÜ)Ê§ôÆwIæ,KR0GÐó:øÄÐÇÿSnÔHþQý~ù¼©ÆÉ¥~\\<×Qá´:meIþç.gI{Ì07Úª|Þ@{KªMq&å.ìU",
      "char_count": 366,
      "split_method": "langchain"
    },
    {
      "chunk_id": 39,
      "page_num": 1,
      "text": "ã¬gë¬f¯°KfÛºö:q¦H©ÌÕGà=PÇí`z~|\rD³¨YÑ\\UýEöÉU¸ àµ½ÃÙX¬¥ç÷9gíf[)¬Ô§ÔAÚ|r¯¨ÚÙÁ¸ÊÝñdl»¬¼-Íz%²7w?iLñ&3A·!: åÒ;BqÅ¨|ª»>ã_cóðÖNÎË¸xx|ªQ]¨wU(£í³å%µZ¢Tµ÷ÆÂwÕFª¨»rI Ìa·ÏCöi(Ö²Â9J2hþ#æßó¨»ó_óçw{^4Ý«ÆÉýE§H©^áC\\É3ïå°*Â#dIÎú·ÅÉÇÁñS üø×@[QõÙ5õ½ðË7UBþ~§nÿÉ(gÁ|\rÜËbgÖBéùo\\Iü©s¯mi~°@jNZwsYjÉZ5±igm{¬!¥9[mãÉï¶ Þ(cTv0elgB6ì<`¸IÊµ¿ÃGq^(³Ô¯uípÜÀP·2M3¹Û0©k¿¢FÆZÚ¾ØÆ ø\rÑj,b:{ò&Ðàs~9²Eëwô±Þ&hQ¥ì÷môÑ#DÆxÖÔN«Í9¸~ÆQ4è?¤y4ã:l:Å&<+eU8_ÁnêMºcci¯áG/6+ï2THqèï¢oÀ£î/õÃf:Å7-Æâ²M±#Ô½J¬#µt³óqeÖHcæê(j_ê;ùÍ$þQÚ<EÍhû",
      "char_count": 477,
      "split_method": "langchain"
    },
    {
      "chunk_id": 40,
      "page_num": 1,
      "text": "í]¶ÍG}à\\§¶ûAþ§;±¶Xº¼²n÷¸üLjKî-6÷ûma~ ÎÐEßpí8AkPÓÓV¹·Ü%èå¢ôúlÚfúõ°y}÷9jsv·Wcz\"N%t¸Ä17ÊÝÎÿm ¦;U©WI¬\\}:<ÙAù MÄªäj÷i÷èÎY¨uxvÊ/-R§¼ëbé¶+L=_¶2´´¨av['ÞÛ=,Æ3@S$A.6£:5áúÀ CN§4Í´ãO.<ZÕ³Èºó£8ÞßASìü]æ¶&Í-÷ÒerÂ'ø\"âªR PI°hòì}±Âp¥WÆôÅXûäà¹HðglË¿ÛbÞ½MÇ2Nµ",
      "char_count": 239,
      "split_method": "langchain"
    },
    {
      "chunk_id": 41,
      "page_num": 1,
      "text": "¦Z}ëf;9nsÜaÄ¶Múë¦ÅñfRâ7è'BÝLß¥j¢òNºh(Ã\\GOîxIäÖÕ2K5ñkSp1eG¯]M©Nx{Ù|Ä5Rß9[0+¹Íy²ª®d¡02Äæ³nO©øv1?})Å£AÄÂrwIZ5¨_Éw0Þ>ÏqxëË!õk{x¶%(Ûx:´<äÃ¡ll`2Ô¶CÖIS×³Ç²ÎÄhæ['Â'°ú<HA^iPÓ¿þå¾Ê£_¡buIì|ò¨v:ÇZ;fp-¿¤LráfwE© ÉøZ\\Ö/^â5Ùé<8ÃÄ]·0r²þUÔ!Mö¥åù2~eÕ½\">L3xESÒÞ®OU®¬Hù\n[C±q@Ç`SÿW(â3<ðû¥+Zù;îÓE)~~V-ô<~43L²yòFÝjèÏ¼§¿ÿ³\n!ë# Aßå.%V~?bIãF4ÃÿyÜk£7¬§Vº$$YÐTÁÅÂ1;ÁPÓ¿þå¾Ê£_¡buIì|ò¨v:ÇZ;fp-¿¤LráfwE© ÉøZ\\Ö/^â5ÙéÈjPÝP¹UCªxøJXCVI°&,+}ê1?×`fcR844«Üjhe>-ßÃ^\\Ðûªç«sN",
      "char_count": 433,
      "split_method": "langchain"
    },
    {
      "chunk_id": 42,
      "page_num": 1,
      "text": "¬;IÁ?Ñ:D<Tý[ð8A¡2d %U\\6m>Gb%(0R |³K8ït¹#y¯¶ÎoM70Üp¡¡MÅ;<gqf%Dæ4¨lBÜ§|Úâ!Bo:Ì¨jh\\ÌÌâÅ}ÚÃáQsD%+ØÏ±b©`°`H!:Z[â]¹²¾¨OÝÛü6¦äÜôÇ5«pvïÔu\nÞ¢nUZe¡\r÷\"gí^ÛßþYÛÆ\r¹®-®¸i¢T=ÎýÃùa¸<ZúRPË>ÖÚ3*+GÑa\"F´÷~#Fhv¶f6]¶Ëw'©?H¶ÓÜtuâGß*CýÈò!-üEÎåCUyò#ÁØÃÚê2]°Ý.·\\²?²²ª¦»½6%mÃæååÙÜ7\\m3ÞÇ\n¥Ën)¸]²ûøØ¬åÃ×_Ñ*GâûºR+îÎþ`ÙûH5Ü@&ïoÌm¶m©þ~ÍÂÒ(HR1",
      "char_count": 310,
      "split_method": "langchain"
    },
    {
      "chunk_id": 43,
      "page_num": 1,
      "text": "£&À¤Uý#èáFñ½àøò/kk¢M6¯ÊáÖI©ã§m=(ÛvIöÂæd§n¡qá}Ò/ÛôN Å3Ùd©½eHþ~õ4^>eZGú{É²dw<9±ÍüHu5xkÄfÌüW`+ï`;è-a$§e\rù^ÂÙîdÌùÑ_a4BäÀ(õ¢[¤!n:8í'{8\ríGm[`\\{ÃËS+oÖ|uÿVÕ×wb»y©^ ÿf>¸ô_Ò¶dÍ©ÄÞ{*r.Úò vFÔQOïh¬a¤²·»ÿ@SG³LCÈ3oóÓÃ6ýIû¥!âjE¦ú£ÖÇë¯`ê+Ú]\r\\XÉ\"$X³®lï DP,Æ¦füSä±£o&J8JÀ£ÐãÊf-ó\rKã®6¸ñÞá°Å&°¹>`bA YUI.À|èY`ØCR$áâtu;|`çx\\¿§¦¡ oÜ¡'\\1-[/frJàm÷lúgÅr1fíí#K¼¢§ÈÒÑ\r¬S6¤\n}ØÀ$uçA9Õ»ç(%W\\CµÏ9AÑò\\ÿfÏÒMj¬;",
      "char_count": 375,
      "split_method": "langchain"
    },
    {
      "chunk_id": 44,
      "page_num": 1,
      "text": "ÜqÑ®¾Ç½ª©BYèAQ÷¨oßèYï÷0VóLwÜíÃ+îf1@¤}ÉFôSJhA¼ÚTj!I*tPÕ²ÜÞã>{º©÷<«ifØÝ»ÅSÂ4~×Öæ:LÊÕZ{'u=di¹ÙùÿOTêÜÎà8ÀîXg uÊÖfÑL©FµµéF9Ü<ç`R{(µQ¾töfçsRãaÀÒ`j¡z .=Ûs^æÄEü!àHÇD,òÏ¢´bæá4¸ÁË¡÷:'K)EÔd¿±|Vã·ÕÆ wjG©6IôÕUbFeï³\"d:ôdòýPÍób,-ìÈ²Ckx¹Fóæì¯ü3êýQ|Tõq!ÐÏ©v¼Ùmû©¯à'\røáN0Ss$(Iuõ((r)©Oùäÿ¾ù\rÔ,Iõ ÷=×Béh`PUï¬ú_$eîª¢nô8ovÎérm{°£X©ªJp°¸«èCpGO'Å)Ü<ÉóiB W?êX>ÉØg5òÕÐ6·öuüLlRÀã^-½*ÜÞÄQ§<¶æá?Á8Ëdwo¾l@¿<ðTk§úÎlA0Òé8dÛy¨&æÏËT%ßò_-e§'ï__7J>FDS¢¨V ¶p»rßéÈ7îa_7H\\i\\³ÚÊÅ\r02{",
      "char_count": 443,
      "split_method": "langchain"
    },
    {
      "chunk_id": 45,
      "page_num": 1,
      "text": "¶p»rßéÈ7îa_7H\\i\\³ÚÊÅ\r02{ ÀrÇÕZLßT¥\"æåÝ_ä>m¸ÈUv¼àÆì;éÓÃ®»°ízÕQ*_åí_&6#ÀIÉ(<§ÐÐC°´36é.zhIgÊ¾â/$«JwÌg9OñAI¦/¹)6Þ\"]BFF´ÍçøBhûû¯M|ÝL!P^?za*&(êþØØ¨4=k&Ü|×$YìwñÁ*/ïÂ$at~D2«Èa[¹ ÎX©Ö¡q~L<'þÌ§µP¶â[£2Ç¨WyKµwÑr",
      "char_count": 199,
      "split_method": "langchain"
    },
    {
      "chunk_id": 46,
      "page_num": 1,
      "text": "]&¶ªg#D\nõ¢ý_ÝFi±~zðX(ÆÉ°æÃuÐa_àuÀÎ²àà|õëìÇëð}×Û.Ï÷±ÎFÝ6ü<!ù^ÚRºØu×ÁþIVÍq³¤´eöDíñµ ØFâ¬düÂV¶gßj'Y`yj0_Pâ°õøé{ëÙ#ï\"p?×Ã¸5ã4a®öÛ<H®¤Æaå»ñg\rnCî=\nî\"»Íâ<uäWÍ¦Õp~àÉííêóö¹Å|h:'rEø¹Ï]þ><_¹àUV¥®.¥[í/;ÈcCeTä¸Q[ &SNQ4N Cè\n|Þ·ªëæÜÒ¶ìßÃõ¼4\n´ÆmÍ,y1ÔU¶yD³»´¢¾¨~»/üª¾»¤º(-.ìÇEý7òa·a¬D:ü2!Ì^\r8ÄòL",
      "char_count": 278,
      "split_method": "langchain"
    },
    {
      "chunk_id": 47,
      "page_num": 1,
      "text": "^Ø¢æÏÎ#ün,ªæe±J;sñÈ9é$õI³Ìç®nÂÑT¢OºwÚóöÇÆÁÅxÞÅ¡ª>µ°sg¢©ji7>öÝ-Ëò±fé*åÙ\"$j{¼»(ÁàºO,qÎÕN§fKu?8]©2©ÕÅ\"5ZÑÕËNK1<*_ÂÍÅ©-Éòéª.Z5Q®_Úì=OÎÃJW-àíàD)*rýê14|YãÕ3ý1a6úcõeêI°fw§'3¿^\\öB»akØ3Ð÷}%}äåÐ³MIàó¼\"ç¦DÙE¼ù`ÇR«£.à<Qn$×AGæé¹Û¢½¾nnk·]¶@ÛfhæÀò¤1¸*¾ßîþÿ¿lµuÆO?<Ïñ/K?`äòàAþºB¼¸!ý2NTveëMý}q*Vd×s«³à¸5i±äkÇi2Úµ IÆ>h¡}XKv~&*¤ãa# Øa×îÅxÅ \"(øNñ¨l:Àzª±üáè?+Ê¡MÌ¨ÒÉí/Ó[êq4oÍÏkú§Ù£¬¢þ§£ãZµ\"ÔEI^êâÜoyÊzü÷LyÏ²@ÙvE|Ôµü³*>Eàù>Ø¥=ÉxV`´?ÕÐ",
      "char_count": 412,
      "split_method": "langchain"
    },
    {
      "chunk_id": 48,
      "page_num": 1,
      "text": "§BÓÃ#Eô.QmÛowÔóG,XâsÙÑ[Þ©À5ÙàîßCî~£( àÒ.U{Ì=Û³ß2àâh#|Ñ½ç¦!#<T5HR@lR²ïÔu?ð dúÃºÜ³ÝìHÆb©oâMCèIfÃ ]$<UÖ$ýù6%}éldú±« ^´«@À#¥LêÞªÿNC&z³üµ*Ç#8Ù5ßî0[xh.5ÊA#½(³YÔ3ÿ\"H¤óê^L¨«7Ó±$7íÚaî¹}JJ.¼ÞÉTêÈ¶kAç·së?¸ý",
      "char_count": 195,
      "split_method": "langchain"
    },
    {
      "chunk_id": 49,
      "page_num": 1,
      "text": "ì9DCyÆÈEmÌ±Ê6=8_Éa\"oT¤@ßèßuWd²$*Í8&ã$tÄcsG?®wXÊuâQ®2^b¨V}P&\\>Ð1RbK»ÝæwIÂÀ+<xàGõmÒµ´X²øAÔ`Â(D¾\"¿Q.i¦±ù{¡x×Uç·Ú©~àë,3¤íÃ¦±¥mkÑ@T:U0¬g¬>©ë0SS\\Úrÿý÷¹ÎQóÃÜv·GñÄ¿~DL G+ÊÝ¾ñ¶wÛÙLfe7!üÀ>enæydrà%lÁSÆRÔYIýj®%½ÇèíRI¢(Ý°LýSB£>{B?´ËB@lL´üDI¶ ÕgGO7Jç«zÝgÙuÊ·÷×ì62ÂÐÉFO'PÓ§XMZÆ{aDq_Ó?-º×Âüõ®¦ÿº0¨ñøÎ¨¾ÃÄ1åÞK®`ÑëêEWs©_öÇ\n§ÆF¢}jòÒa0¥¾TIPèÖm³?¦úAuNQè³Ôâ±<i«>5À¥W9(SB wéÏ3ß!¬e_G0SÄdN&áÀ<4%û¯V%(:ñø#5",
      "char_count": 380,
      "split_method": "langchain"
    },
    {
      "chunk_id": 50,
      "page_num": 1,
      "text": "*êAð+Wþ,EßCr1¨ðy-ïÐêé¡j÷¹¦Ùõ°\ruzr¶/$8Uj;¾ÄGNµÈ° ÜYþÂÅÏ3m8à ³YÕúwÝûS¡ã\\;²\rÏ¡©ýð\rº¨½Ù½µ}néÁw>.(+õO/léòã£õ$»ÎÉÇÂÛÞ@Ã°ÅÃ°k#¨áXë9X§f³¶ÕÌl?¹k8¢¹'RcWÉT/Óît0kÿ.¢Ï¦5ï>KbS6É'«¿vÔ¨å",
      "char_count": 170,
      "split_method": "langchain"
    }
  ],
  "processing_info": {
    "chunk_size": 500,
    "chunk_overlap": 50,
    "split_method": "langchain",
    "methods_used": [
      "bytes_latin-1"
    ],
    "privacy_filtering": true,
    "privacy_method": "ai_auto",
    "privacy_findings": null
  }
}